,Survived,Sex,Pclass,Age,SibSp,Parch,Fare,Embarked,scaled_fare,scaled_age
0,0,male,3,22.0,1,0,7.25,S,-0.500239751089,-0.563674066475
1,1,female,1,38.0,1,0,71.2833,C,0.788946607906,0.669216957678
2,1,female,3,26.0,0,0,7.925,S,-0.486649934661,-0.255451310437
3,1,female,1,35.0,1,0,53.1,S,0.422861112991,0.438049890649
4,0,male,3,35.0,0,0,8.05,S,-0.484133301989,0.438049890649
5,0,male,3,28.0,0,0,8.4583,Q,-0.475912973029,-0.101339932418
6,0,male,1,54.0,0,0,51.8625,S,0.397946449538,1.90210798183
7,0,male,3,2.0,3,1,21.075,S,-0.221900177569,-2.10478784667
8,1,female,3,27.0,0,2,11.1333,S,-0.422057033849,-0.178395621427
9,1,female,2,14.0,1,0,30.0708,C,-0.0407871840446,-1.18011957855
10,1,female,3,4.0,1,1,16.7,S,-0.309982321088,-1.95067646865
11,1,female,1,58.0,0,0,26.55,S,-0.111671666536,2.21033073787
12,0,male,3,20.0,0,0,8.05,S,-0.484133301989,-0.717785444494
13,0,male,3,39.0,1,5,31.275,S,-0.0165429515358,0.746272646687
14,0,female,3,14.0,0,0,7.8542,S,-0.488075355406,-1.18011957855
15,1,female,2,55.0,0,0,16.0,S,-0.324075464051,1.97916367084
16,0,male,3,2.0,4,1,29.125,Q,-0.0598290334938,-2.10478784667
17,1,male,2,28.0,0,0,13.0,S,-0.384474648179,-0.101339932418
18,0,female,3,31.0,1,0,18.0,S,-0.2838093413,0.129827134611
19,1,female,3,28.0,0,0,7.225,C,-0.500743077624,-0.101339932418
20,0,male,2,35.0,0,0,26.0,S,-0.122744850293,0.438049890649
21,1,male,2,34.0,0,0,13.0,S,-0.384474648179,0.360994201639
22,1,female,3,15.0,0,0,8.0292,Q,-0.484552069665,-1.10306388954
23,1,male,1,28.0,0,0,35.5,S,0.0685192327769,-0.101339932418
24,0,female,3,8.0,3,1,21.075,S,-0.221900177569,-1.64245371261
25,1,female,3,38.0,1,5,31.3875,S,-0.014277982131,0.669216957678
26,0,male,3,28.0,0,0,7.225,C,-0.500743077624,-0.101339932418
27,0,male,1,19.0,3,2,263.0,S,4.64879069577,-0.794841133503
28,1,female,3,28.0,0,0,7.8792,Q,-0.487572028872,-0.101339932418
29,0,male,3,28.0,0,0,7.8958,S,-0.487237820053,-0.101339932418
30,0,male,1,40.0,0,0,27.7208,C,-0.0880998782777,0.823328335697
31,1,female,1,28.0,1,0,146.5208,C,2.30370781317,-0.101339932418
32,1,female,3,28.0,0,0,7.75,Q,-0.490173220401,-0.101339932418
33,0,male,2,66.0,0,0,10.5,S,-0.434807301618,2.82677624994
34,0,male,1,28.0,1,0,82.1708,C,1.00814531363,-0.101339932418
35,0,male,1,42.0,1,0,52.0,S,0.400714745478,0.977439713716
36,1,male,3,28.0,0,0,7.2292,C,-0.500658518766,-0.101339932418
37,0,male,3,21.0,0,0,8.05,S,-0.484133301989,-0.640729755484
38,0,female,3,18.0,2,0,18.0,S,-0.2838093413,-0.871896822513
39,1,female,3,14.0,1,0,11.2417,C,-0.419874609996,-1.18011957855
40,0,female,3,40.0,1,0,9.475,S,-0.455443689528,0.823328335697
41,0,female,2,27.0,1,0,21.0,S,-0.223410157172,-0.178395621427
42,0,male,3,28.0,0,0,7.8958,C,-0.487237820053,-0.101339932418
43,1,female,2,3.0,1,2,41.5792,C,0.190912139493,-2.02773215766
44,1,female,3,19.0,0,0,7.8792,Q,-0.487572028872,-0.794841133503
45,0,male,3,28.0,0,0,8.05,S,-0.484133301989,-0.101339932418
46,0,male,3,28.0,1,0,15.5,Q,-0.334141994739,-0.101339932418
47,1,female,3,28.0,0,0,7.75,Q,-0.490173220401,-0.101339932418
48,0,male,3,28.0,2,0,21.6792,C,-0.209735781886,-0.101339932418
49,0,female,3,18.0,1,0,17.8,S,-0.287835953575,-0.871896822513
50,0,male,3,7.0,4,1,39.6875,S,0.152826427288,-1.71950940162
51,0,male,3,21.0,0,0,7.8,S,-0.489166567333,-0.640729755484
52,1,female,1,49.0,1,0,76.7292,C,0.898589246852,1.51682953678
53,1,female,2,29.0,1,0,26.0,S,-0.122744850293,-0.0242842434081
54,0,male,1,65.0,0,1,61.9792,C,0.601626591559,2.74972056093
55,1,male,1,28.0,0,0,35.5,S,0.0685192327769,-0.101339932418
56,1,female,2,21.0,0,0,10.5,S,-0.434807301618,-0.640729755484
57,0,male,3,28.5,0,0,7.2292,C,-0.500658518766,-0.0628120879129
58,1,female,2,5.0,1,2,27.75,S,-0.0875119928855,-1.87362077964
59,0,male,3,11.0,5,2,46.9,S,0.298036132461,-1.41128664558
60,0,male,3,22.0,0,0,7.2292,C,-0.500658518766,-0.563674066475
62,0,male,1,45.0,1,0,83.475,S,1.03440285228,1.20860678074
63,0,male,3,4.0,3,2,27.9,S,-0.0844920336791,-1.95067646865
64,0,male,1,28.0,0,0,27.7208,C,-0.0880998782777,-0.101339932418
65,1,male,3,28.0,1,1,15.2458,C,-0.339259818941,-0.101339932418
66,1,female,2,29.0,0,0,10.5,S,-0.434807301618,-0.0242842434081
67,0,male,3,19.0,0,0,8.1583,S,-0.481952891442,-0.794841133503
68,1,female,3,17.0,4,2,7.925,S,-0.486649934661,-0.948952511522
69,0,male,3,26.0,2,0,8.6625,S,-0.471801801896,-0.255451310437
70,0,male,2,32.0,0,0,10.5,S,-0.434807301618,0.20688282362
71,0,female,3,16.0,5,2,46.9,S,0.298036132461,-1.02600820053
72,0,male,2,21.0,0,0,73.5,S,0.833575565057,-0.640729755484
73,0,male,3,26.0,1,0,14.4542,C,-0.355197150326,-0.255451310437
74,1,male,3,32.0,0,0,56.4958,S,0.491228962811,0.20688282362
75,0,male,3,25.0,0,0,7.65,S,-0.492186526539,-0.332506999446
76,0,male,3,28.0,0,0,7.8958,S,-0.487237820053,-0.101339932418
77,0,male,3,28.0,0,0,8.05,S,-0.484133301989,-0.101339932418
78,1,male,2,0.83,0,2,29.0,S,-0.0623456661658,-2.19494300281
79,1,female,3,30.0,0,0,12.475,S,-0.395044505401,0.0527714456014
80,0,male,3,22.0,0,0,9.0,S,-0.465006893682,-0.563674066475
81,1,male,3,29.0,0,0,9.5,S,-0.454940362994,-0.0242842434081
82,1,female,3,28.0,0,0,7.7875,Q,-0.4894182306,-0.101339932418
83,0,male,1,28.0,0,0,47.1,S,0.302062744736,-0.101339932418
84,1,female,2,17.0,0,0,10.5,S,-0.434807301618,-0.948952511522
85,1,female,3,33.0,3,0,15.85,S,-0.327095423257,0.28393851263
86,0,male,3,16.0,1,3,34.375,S,0.0458695387292,-1.02600820053
87,0,male,3,28.0,0,0,8.05,S,-0.484133301989,-0.101339932418
88,1,female,1,23.0,3,2,263.0,S,4.64879069577,-0.486618377465
89,0,male,3,24.0,0,0,8.05,S,-0.484133301989,-0.409562688456
90,0,male,3,29.0,0,0,8.05,S,-0.484133301989,-0.0242842434081
91,0,male,3,20.0,0,0,7.8542,S,-0.488075355406,-0.717785444494
92,0,male,1,46.0,1,0,61.175,S,0.585435583601,1.28566246975
93,0,male,3,26.0,1,2,20.575,S,-0.231966708257,-0.255451310437
94,0,male,3,59.0,0,0,7.25,S,-0.500239751089,2.28738642688
95,0,male,3,28.0,0,0,8.05,S,-0.484133301989,-0.101339932418
96,0,male,1,71.0,0,0,34.6542,C,0.0514906894653,3.21205469499
97,1,male,1,23.0,0,1,63.3583,C,0.629392096502,-0.486618377465
98,1,female,2,34.0,0,1,23.0,S,-0.183144034421,0.360994201639
99,0,male,2,34.0,1,0,26.0,S,-0.122744850293,0.360994201639
100,0,female,3,28.0,0,0,7.8958,S,-0.487237820053,-0.101339932418
101,0,male,3,28.0,0,0,7.8958,S,-0.487237820053,-0.101339932418
102,0,male,1,21.0,0,1,77.2875,S,0.909829535018,-0.640729755484
103,0,male,3,33.0,0,0,8.6542,S,-0.471968906305,0.28393851263
104,0,male,3,37.0,2,0,7.925,S,-0.486649934661,0.592161268668
105,0,male,3,28.0,0,0,7.8958,S,-0.487237820053,-0.101339932418
106,1,female,3,21.0,0,0,7.65,S,-0.492186526539,-0.640729755484
107,1,male,3,28.0,0,0,7.775,S,-0.489669893867,-0.101339932418
108,0,male,3,38.0,0,0,7.8958,S,-0.487237820053,0.669216957678
109,1,female,3,28.0,1,0,24.15,Q,-0.159991013838,-0.101339932418
110,0,male,1,47.0,0,0,52.0,S,0.400714745478,1.36271815876
111,0,female,3,14.5,1,0,14.4542,C,-0.355197150326,-1.14159173405
112,0,male,3,22.0,0,0,8.05,S,-0.484133301989,-0.563674066475
113,0,female,3,20.0,1,0,9.825,S,-0.448397118047,-0.717785444494
114,0,female,3,17.0,0,0,14.4583,C,-0.355114604774,-0.948952511522
115,0,male,3,21.0,0,0,7.925,S,-0.486649934661,-0.640729755484
116,0,male,3,70.5,0,0,7.75,Q,-0.490173220401,3.17352685049
117,0,male,2,29.0,1,0,21.0,S,-0.223410157172,-0.0242842434081
118,0,male,1,24.0,0,1,247.5208,C,4.33714701212,-0.409562688456
119,0,female,3,2.0,4,2,31.275,S,-0.0165429515358,-2.10478784667
120,0,male,2,21.0,2,0,73.5,S,0.833575565057,-0.640729755484
121,0,male,3,28.0,0,0,8.05,S,-0.484133301989,-0.101339932418
122,0,male,2,32.5,1,0,30.0708,C,-0.0407871840446,0.245410668125
123,1,female,2,32.5,0,0,13.0,S,-0.384474648179,0.245410668125
124,0,male,1,54.0,0,1,77.2875,S,0.909829535018,1.90210798183
125,1,male,3,12.0,1,0,11.2417,C,-0.419874609996,-1.33423095657
126,0,male,3,28.0,0,0,7.75,Q,-0.490173220401,-0.101339932418
127,1,male,3,24.0,0,0,7.1417,S,-0.502420161636,-0.409562688456
128,1,female,3,28.0,1,1,22.3583,C,-0.196063419905,-0.101339932418
129,0,male,3,45.0,0,0,6.975,S,-0.505776342968,1.20860678074
130,0,male,3,33.0,0,0,7.8958,C,-0.487237820053,0.28393851263
131,0,male,3,20.0,0,0,7.05,S,-0.504266363365,-0.717785444494
132,0,female,3,47.0,1,0,14.5,S,-0.354275056115,1.36271815876
133,1,female,2,29.0,1,0,26.0,S,-0.122744850293,-0.0242842434081
134,0,male,2,25.0,0,0,13.0,S,-0.384474648179,-0.332506999446
135,0,male,2,23.0,0,0,15.0458,C,-0.343286431216,-0.486618377465
136,1,female,1,19.0,0,2,26.2833,S,-0.117041154005,-0.794841133503
137,0,male,1,37.0,1,0,53.1,S,0.422861112991,0.592161268668
138,0,male,3,16.0,0,0,9.2167,S,-0.460644059282,-1.02600820053
139,0,male,1,24.0,0,0,79.2,C,0.948334014899,-0.409562688456
140,0,female,3,28.0,0,2,15.2458,C,-0.339259818941,-0.101339932418
141,1,female,3,22.0,0,0,7.75,S,-0.490173220401,-0.563674066475
142,1,female,3,24.0,1,0,15.85,S,-0.327095423257,-0.409562688456
143,0,male,3,19.0,0,0,6.75,Q,-0.510306281777,-0.794841133503
144,0,male,2,18.0,0,0,11.5,S,-0.414674240242,-0.871896822513
145,0,male,2,19.0,1,1,36.75,S,0.0936855594967,-0.794841133503
146,1,male,3,27.0,0,0,7.7958,S,-0.48925112619,-0.178395621427
147,0,female,3,9.0,2,2,34.375,S,0.0458695387292,-1.5653980236
148,0,male,2,36.5,0,2,26.0,S,-0.122744850293,0.553633424163
149,0,male,2,42.0,0,0,13.0,S,-0.384474648179,0.977439713716
150,0,male,2,51.0,0,0,12.525,S,-0.394037852332,1.6709409148
151,1,female,1,22.0,1,0,66.6,S,0.694657441564,-0.563674066475
152,0,male,3,55.5,0,0,8.05,S,-0.484133301989,2.01769151534
153,0,male,3,40.5,0,2,14.5,S,-0.354275056115,0.861856180201
154,0,male,3,28.0,0,0,7.3125,S,-0.498981434753,-0.101339932418
155,0,male,1,51.0,0,1,61.3792,C,0.589546754733,1.6709409148
156,1,female,3,16.0,0,0,7.7333,Q,-0.490509442526,-1.02600820053
157,0,male,3,30.0,0,0,8.05,S,-0.484133301989,0.0527714456014
158,0,male,3,28.0,0,0,8.6625,S,-0.471801801896,-0.101339932418
159,0,male,3,28.0,8,2,69.55,S,0.754049972623,-0.101339932418
160,0,male,3,44.0,0,1,16.1,S,-0.322062157914,1.13155109173
161,1,female,2,40.0,0,0,15.75,S,-0.329108729395,0.823328335697
162,0,male,3,26.0,0,0,7.775,S,-0.489669893867,-0.255451310437
163,0,male,3,17.0,0,0,8.6625,S,-0.471801801896,-0.948952511522
164,0,male,3,1.0,4,1,39.6875,S,0.152826427288,-2.18184353567
165,1,male,3,9.0,0,2,20.525,S,-0.232973361326,-1.5653980236
166,1,female,1,28.0,0,1,55.0,S,0.461113929605,-0.101339932418
167,0,female,3,45.0,1,4,27.9,S,-0.0844920336791,1.20860678074
168,0,male,1,28.0,0,0,25.925,S,-0.124254829896,-0.101339932418
169,0,male,3,28.0,0,0,56.4958,S,0.491228962811,-0.101339932418
170,0,male,1,61.0,0,0,33.5,S,0.0282531100253,2.4414978049
171,0,male,3,4.0,4,1,29.125,Q,-0.0598290334938,-1.95067646865
172,1,female,3,1.0,1,1,11.1333,S,-0.422057033849,-2.18184353567
173,0,male,3,21.0,0,0,7.925,S,-0.486649934661,-0.640729755484
174,0,male,1,56.0,0,0,30.6958,C,-0.0282040206847,2.05621935985
175,0,male,3,18.0,1,1,7.8542,S,-0.488075355406,-0.871896822513
176,0,male,3,28.0,3,1,25.4667,S,-0.133481811925,-0.101339932418
177,0,female,1,50.0,0,0,28.7125,C,-0.0681339213113,1.59388522579
178,0,male,2,30.0,0,0,13.0,S,-0.384474648179,0.0527714456014
179,0,male,3,36.0,0,0,0.0,S,-0.646204446064,0.515105579659
180,0,female,3,28.0,8,2,69.55,S,0.754049972623,-0.101339932418
181,0,male,2,28.0,0,0,15.05,C,-0.343201872358,-0.101339932418
182,0,male,3,9.0,4,2,31.3875,S,-0.014277982131,-1.5653980236
183,1,male,2,1.0,2,1,39.0,S,0.138984947592,-2.18184353567
184,1,female,3,4.0,0,2,22.025,S,-0.202773769262,-1.95067646865
185,0,male,1,28.0,0,0,50.0,S,0.360448622726,-0.101339932418
186,1,female,3,28.0,1,0,15.5,Q,-0.334141994739,-0.101339932418
187,1,male,1,45.0,0,0,26.55,S,-0.111671666536,1.20860678074
188,0,male,3,40.0,1,1,15.5,Q,-0.334141994739,0.823328335697
189,0,male,3,36.0,0,0,7.8958,S,-0.487237820053,0.515105579659
190,1,female,2,32.0,0,0,13.0,S,-0.384474648179,0.20688282362
191,0,male,2,19.0,0,0,13.0,S,-0.384474648179,-0.794841133503
192,1,female,3,19.0,1,0,7.8542,S,-0.488075355406,-0.794841133503
193,1,male,2,3.0,1,1,26.0,S,-0.122744850293,-2.02773215766
194,1,female,1,44.0,0,0,27.7208,C,-0.0880998782777,1.13155109173
195,1,female,1,58.0,0,0,146.5208,C,2.30370781317,2.21033073787
196,0,male,3,28.0,0,0,7.75,Q,-0.490173220401,-0.101339932418
197,0,male,3,42.0,0,1,8.4042,S,-0.477002171649,0.977439713716
198,1,female,3,28.0,0,0,7.75,Q,-0.490173220401,-0.101339932418
199,0,female,2,24.0,0,0,13.0,S,-0.384474648179,-0.409562688456
200,0,male,3,28.0,0,0,9.5,S,-0.454940362994,-0.101339932418
201,0,male,3,28.0,8,2,69.55,S,0.754049972623,-0.101339932418
202,0,male,3,34.0,0,0,6.4958,S,-0.515424105979,0.360994201639
203,0,male,3,45.5,0,0,7.225,C,-0.500743077624,1.24713462525
204,1,male,3,18.0,0,0,8.05,S,-0.484133301989,-0.871896822513
205,0,female,3,2.0,0,1,10.4625,S,-0.43556229142,-2.10478784667
206,0,male,3,32.0,1,0,15.85,S,-0.327095423257,0.20688282362
207,1,male,3,26.0,0,0,18.7875,C,-0.267954555466,-0.255451310437
208,1,female,3,16.0,0,0,7.75,Q,-0.490173220401,-1.02600820053
209,1,male,1,40.0,0,0,31.0,C,-0.0220795434142,0.823328335697
210,0,male,3,24.0,0,0,7.05,S,-0.504266363365,-0.409562688456
211,1,female,2,35.0,0,0,21.0,S,-0.223410157172,0.438049890649
212,0,male,3,22.0,0,0,7.25,S,-0.500239751089,-0.563674066475
213,0,male,2,30.0,0,0,13.0,S,-0.384474648179,0.0527714456014
214,0,male,3,28.0,1,0,7.75,Q,-0.490173220401,-0.101339932418
215,1,female,1,31.0,1,0,113.275,C,1.63436808128,0.129827134611
216,1,female,3,27.0,0,0,7.925,S,-0.486649934661,-0.178395621427
217,0,male,2,42.0,1,0,27.0,S,-0.102611788917,0.977439713716
218,1,female,1,32.0,0,0,76.2917,C,0.8897810325,0.20688282362
219,0,male,2,30.0,0,0,10.5,S,-0.434807301618,0.0527714456014
220,1,male,3,16.0,0,0,8.05,S,-0.484133301989,-1.02600820053
221,0,male,2,27.0,0,0,13.0,S,-0.384474648179,-0.178395621427
222,0,male,3,51.0,0,0,8.05,S,-0.484133301989,1.6709409148
223,0,male,3,28.0,0,0,7.8958,S,-0.487237820053,-0.101339932418
224,1,male,1,38.0,1,0,90.0,S,1.16577107776,0.669216957678
225,0,male,3,22.0,0,0,9.35,S,-0.4579603222,-0.563674066475
226,1,male,2,19.0,0,0,10.5,S,-0.434807301618,-0.794841133503
227,0,male,3,20.5,0,0,7.25,S,-0.500239751089,-0.679257599989
228,0,male,2,18.0,0,0,13.0,S,-0.384474648179,-0.871896822513
229,0,female,3,28.0,3,1,25.4667,S,-0.133481811925,-0.101339932418
230,1,female,1,35.0,1,0,83.475,S,1.03440285228,0.438049890649
231,0,male,3,29.0,0,0,7.775,S,-0.489669893867,-0.0242842434081
232,0,male,2,59.0,0,0,13.5,S,-0.374408117491,2.28738642688
233,1,female,3,5.0,4,2,31.3875,S,-0.014277982131,-1.87362077964
234,0,male,2,24.0,0,0,10.5,S,-0.434807301618,-0.409562688456
235,0,female,3,28.0,0,0,7.55,S,-0.494199832677,-0.101339932418
236,0,male,2,44.0,1,0,26.0,S,-0.122744850293,1.13155109173
237,1,female,2,8.0,0,2,26.25,S,-0.117711584949,-1.64245371261
238,0,male,2,19.0,0,0,10.5,S,-0.434807301618,-0.794841133503
239,0,male,2,33.0,0,0,12.275,S,-0.399071117676,0.28393851263
240,0,female,3,28.0,1,0,14.4542,C,-0.355197150326,-0.101339932418
241,1,female,3,28.0,1,0,15.5,Q,-0.334141994739,-0.101339932418
242,0,male,2,29.0,0,0,10.5,S,-0.434807301618,-0.0242842434081
243,0,male,3,22.0,0,0,7.125,S,-0.502756383761,-0.563674066475
244,0,male,3,30.0,0,0,7.225,C,-0.500743077624,0.0527714456014
245,0,male,1,44.0,2,0,90.0,Q,1.16577107776,1.13155109173
246,0,female,3,25.0,0,0,7.775,S,-0.489669893867,-0.332506999446
247,1,female,2,24.0,0,2,14.5,S,-0.354275056115,-0.409562688456
248,1,male,1,37.0,1,1,52.5542,S,0.411872488092,0.592161268668
249,0,male,2,54.0,1,0,26.0,S,-0.122744850293,1.90210798183
250,0,male,3,28.0,0,0,7.25,S,-0.500239751089,-0.101339932418
251,0,female,3,29.0,1,1,10.4625,S,-0.43556229142,-0.0242842434081
252,0,male,1,62.0,0,0,26.55,S,-0.111671666536,2.51855349391
253,0,male,3,30.0,1,0,16.1,S,-0.322062157914,0.0527714456014
254,0,female,3,41.0,0,2,20.2125,S,-0.239264943006,0.900384024706
255,1,female,3,29.0,0,2,15.2458,C,-0.339259818941,-0.0242842434081
256,1,female,1,28.0,0,0,79.2,C,0.948334014899,-0.101339932418
257,1,female,1,30.0,0,0,86.5,S,1.09530536294,0.0527714456014
258,1,female,1,35.0,0,0,512.3292,C,9.66855078215,0.438049890649
259,1,female,2,50.0,0,1,26.0,S,-0.122744850293,1.59388522579
260,0,male,3,28.0,0,0,7.75,Q,-0.490173220401,-0.101339932418
261,1,male,3,3.0,4,2,31.3875,S,-0.014277982131,-2.02773215766
262,0,male,1,52.0,1,1,79.65,S,0.957393892518,1.74799660381
263,0,male,1,40.0,0,0,0.0,S,-0.646204446064,0.823328335697
264,0,female,3,28.0,0,0,7.75,Q,-0.490173220401,-0.101339932418
265,0,male,2,36.0,0,0,10.5,S,-0.434807301618,0.515105579659
266,0,male,3,16.0,4,1,39.6875,S,0.152826427288,-1.02600820053
267,1,male,3,25.0,1,0,7.775,S,-0.489669893867,-0.332506999446
268,1,female,1,58.0,0,1,153.4625,S,2.44346548532,2.21033073787
269,1,female,1,35.0,0,0,135.6333,S,2.08450910744,0.438049890649
270,0,male,1,28.0,0,0,31.0,S,-0.0220795434142,-0.101339932418
271,1,male,3,25.0,0,0,0.0,S,-0.646204446064,-0.332506999446
272,1,female,2,41.0,0,1,19.5,S,-0.253609749236,0.900384024706
273,0,male,1,37.0,0,1,29.7,C,-0.0482525232027,0.592161268668
274,1,female,3,28.0,0,0,7.75,Q,-0.490173220401,-0.101339932418
275,1,female,1,63.0,1,0,77.9583,S,0.923334792589,2.59560918292
276,0,female,3,45.0,0,0,7.75,S,-0.490173220401,1.20860678074
277,0,male,2,28.0,0,0,0.0,S,-0.646204446064,-0.101339932418
278,0,male,3,7.0,4,1,29.125,Q,-0.0598290334938,-1.71950940162
279,1,female,3,35.0,1,1,20.25,S,-0.238509953204,0.438049890649
280,0,male,3,65.0,0,0,7.75,Q,-0.490173220401,2.74972056093
281,0,male,3,28.0,0,0,7.8542,S,-0.488075355406,-0.101339932418
282,0,male,3,16.0,0,0,9.5,S,-0.454940362994,-1.02600820053
283,1,male,3,19.0,0,0,8.05,S,-0.484133301989,-0.794841133503
284,0,male,1,28.0,0,0,26.0,S,-0.122744850293,-0.101339932418
285,0,male,3,33.0,0,0,8.6625,C,-0.471801801896,0.28393851263
286,1,male,3,30.0,0,0,9.5,S,-0.454940362994,0.0527714456014
287,0,male,3,22.0,0,0,7.8958,S,-0.487237820053,-0.563674066475
288,1,male,2,42.0,0,0,13.0,S,-0.384474648179,0.977439713716
289,1,female,3,22.0,0,0,7.75,Q,-0.490173220401,-0.563674066475
290,1,female,1,26.0,0,0,78.85,S,0.941287443418,-0.255451310437
291,1,female,1,19.0,1,0,91.0792,C,1.18749867759,-0.794841133503
292,0,male,2,36.0,0,0,12.875,C,-0.38699128085,0.515105579659
293,0,female,3,24.0,0,0,8.85,S,-0.468026852888,-0.409562688456
294,0,male,3,24.0,0,0,7.8958,S,-0.487237820053,-0.409562688456
295,0,male,1,28.0,0,0,27.7208,C,-0.0880998782777,-0.101339932418
296,0,male,3,23.5,0,0,7.2292,C,-0.500658518766,-0.44809053296
297,0,female,1,2.0,1,2,151.55,S,2.40496100544,-2.10478784667
298,1,male,1,28.0,0,0,30.5,S,-0.0321460741021,-0.101339932418
299,1,female,1,50.0,0,1,247.5208,C,4.33714701212,1.59388522579
300,1,female,3,28.0,0,0,7.75,Q,-0.490173220401,-0.101339932418
301,1,male,3,28.0,2,0,23.25,Q,-0.178110769077,-0.101339932418
302,0,male,3,19.0,0,0,0.0,S,-0.646204446064,-0.794841133503
303,1,female,2,28.0,0,0,12.35,Q,-0.397561138073,-0.101339932418
304,0,male,3,28.0,0,0,8.05,S,-0.484133301989,-0.101339932418
305,1,male,1,0.92,1,2,151.55,S,2.40496100544,-2.1880079908
306,1,female,1,28.0,0,0,110.8833,C,1.58621583839,-0.101339932418
307,1,female,1,17.0,1,0,108.9,C,1.54628593776,-0.948952511522
308,0,male,2,30.0,1,0,24.0,C,-0.163010973045,0.0527714456014
309,1,female,1,30.0,0,0,56.9292,C,0.499954631611,0.0527714456014
310,1,female,1,24.0,0,0,83.1583,C,1.02802671174,-0.409562688456
311,1,female,1,18.0,2,2,262.375,C,4.63620753241,-0.871896822513
312,0,female,2,26.0,1,1,26.0,S,-0.122744850293,-0.255451310437
313,0,male,3,28.0,0,0,7.8958,S,-0.487237820053,-0.101339932418
314,0,male,2,43.0,1,1,26.25,S,-0.117711584949,1.05449540273
315,1,female,3,26.0,0,0,7.8542,S,-0.488075355406,-0.255451310437
316,1,female,2,24.0,1,0,26.0,S,-0.122744850293,-0.409562688456
317,0,male,2,54.0,0,0,14.0,S,-0.364341586803,1.90210798183
318,1,female,1,31.0,0,2,164.8667,S,2.67306694386,0.129827134611
319,1,female,1,40.0,1,1,134.5,C,2.06169230898,0.823328335697
320,0,male,3,22.0,0,0,7.25,S,-0.500239751089,-0.563674066475
321,0,male,3,27.0,0,0,7.8958,S,-0.487237820053,-0.178395621427
322,1,female,2,30.0,0,0,12.35,Q,-0.397561138073,0.0527714456014
323,1,female,2,22.0,1,1,29.0,S,-0.0623456661658,-0.563674066475
324,0,male,3,28.0,8,2,69.55,S,0.754049972623,-0.101339932418
325,1,female,1,36.0,0,0,135.6333,C,2.08450910744,0.515105579659
326,0,male,3,61.0,0,0,6.2375,S,-0.520624475732,2.4414978049
327,1,female,2,36.0,0,0,13.0,S,-0.384474648179,0.515105579659
328,1,female,3,31.0,1,1,20.525,S,-0.232973361326,0.129827134611
329,1,female,1,16.0,0,1,57.9792,C,0.521094346056,-1.02600820053
330,1,female,3,28.0,2,0,23.25,Q,-0.178110769077,-0.101339932418
331,0,male,1,45.5,0,0,28.5,S,-0.0724121968537,1.24713462525
332,0,male,1,38.0,0,1,153.4625,S,2.44346548532,0.669216957678
333,0,male,3,16.0,2,0,18.0,S,-0.2838093413,-1.02600820053
334,1,female,1,28.0,1,0,133.65,S,2.04457920681,-0.101339932418
335,0,male,3,28.0,0,0,7.8958,S,-0.487237820053,-0.101339932418
336,0,male,1,29.0,1,0,66.6,S,0.694657441564,-0.0242842434081
337,1,female,1,41.0,0,0,134.5,C,2.06169230898,0.900384024706
338,1,male,3,45.0,0,0,8.05,S,-0.484133301989,1.20860678074
339,0,male,1,45.0,0,0,35.5,S,0.0685192327769,1.20860678074
340,1,male,2,2.0,1,1,26.0,S,-0.122744850293,-2.10478784667
341,1,female,1,24.0,3,2,263.0,S,4.64879069577,-0.409562688456
342,0,male,2,28.0,0,0,13.0,S,-0.384474648179,-0.101339932418
343,0,male,2,25.0,0,0,13.0,S,-0.384474648179,-0.332506999446
344,0,male,2,36.0,0,0,13.0,S,-0.384474648179,0.515105579659
345,1,female,2,24.0,0,0,13.0,S,-0.384474648179,-0.409562688456
346,1,female,2,40.0,0,0,13.0,S,-0.384474648179,0.823328335697
347,1,female,3,28.0,1,0,16.1,S,-0.322062157914,-0.101339932418
348,1,male,3,3.0,1,1,15.9,S,-0.326088770189,-2.02773215766
349,0,male,3,42.0,0,0,8.6625,S,-0.471801801896,0.977439713716
350,0,male,3,23.0,0,0,9.225,S,-0.460476954872,-0.486618377465
351,0,male,1,28.0,0,0,35.0,S,0.058452702089,-0.101339932418
352,0,male,3,15.0,1,1,7.2292,C,-0.500658518766,-1.10306388954
353,0,male,3,25.0,1,0,17.8,S,-0.287835953575,-0.332506999446
354,0,male,3,28.0,0,0,7.225,C,-0.500743077624,-0.101339932418
355,0,male,3,28.0,0,0,9.5,S,-0.454940362994,-0.101339932418
356,1,female,1,22.0,0,1,55.0,S,0.461113929605,-0.563674066475
357,0,female,2,38.0,0,0,13.0,S,-0.384474648179,0.669216957678
358,1,female,3,28.0,0,0,7.8792,Q,-0.487572028872,-0.101339932418
359,1,female,3,28.0,0,0,7.8792,Q,-0.487572028872,-0.101339932418
360,0,male,3,40.0,1,4,27.9,S,-0.0844920336791,0.823328335697
361,0,male,2,29.0,1,0,27.7208,C,-0.0880998782777,-0.0242842434081
362,0,female,3,45.0,0,1,14.4542,C,-0.355197150326,1.20860678074
363,0,male,3,35.0,0,0,7.05,S,-0.504266363365,0.438049890649
364,0,male,3,28.0,1,0,15.5,Q,-0.334141994739,-0.101339932418
365,0,male,3,30.0,0,0,7.25,S,-0.500239751089,0.0527714456014
366,1,female,1,60.0,1,0,75.25,C,0.868808422465,2.36444211589
367,1,female,3,28.0,0,0,7.2292,C,-0.500658518766,-0.101339932418
368,1,female,3,28.0,0,0,7.75,Q,-0.490173220401,-0.101339932418
369,1,female,1,24.0,0,0,69.3,C,0.749016707279,-0.409562688456
370,1,male,1,25.0,1,0,55.4417,C,0.470006702815,-0.332506999446
371,0,male,3,18.0,1,0,6.4958,S,-0.515424105979,-0.871896822513
372,0,male,3,19.0,0,0,8.05,S,-0.484133301989,-0.794841133503
373,0,male,1,22.0,0,0,135.6333,C,2.08450910744,-0.563674066475
374,0,female,3,3.0,3,1,21.075,S,-0.221900177569,-2.02773215766
375,1,female,1,28.0,1,0,82.1708,C,1.00814531363,-0.101339932418
376,1,female,3,22.0,0,0,7.25,S,-0.500239751089,-0.563674066475
377,0,male,1,27.0,0,2,211.5,C,3.61193803492,-0.178395621427
378,0,male,3,20.0,0,0,4.0125,C,-0.565420537294,-0.717785444494
379,0,male,3,19.0,0,0,7.775,S,-0.489669893867,-0.794841133503
380,1,female,1,42.0,0,0,227.525,C,3.93457034346,0.977439713716
381,1,female,3,1.0,0,2,15.7417,C,-0.329275833804,-2.18184353567
382,0,male,3,32.0,0,0,7.925,S,-0.486649934661,0.20688282362
383,1,female,1,35.0,1,0,52.0,S,0.400714745478,0.438049890649
384,0,male,3,28.0,0,0,7.8958,S,-0.487237820053,-0.101339932418
385,0,male,2,18.0,0,0,73.5,S,0.833575565057,-0.871896822513
386,0,male,3,1.0,5,2,46.9,S,0.298036132461,-2.18184353567
387,1,female,2,36.0,0,0,13.0,S,-0.384474648179,0.515105579659
388,0,male,3,28.0,0,0,7.7292,Q,-0.490591988078,-0.101339932418
389,1,female,2,17.0,0,0,12.0,C,-0.404607709554,-0.948952511522
390,1,male,1,36.0,1,2,120.0,S,1.76976291903,0.515105579659
391,1,male,3,21.0,0,0,7.7958,S,-0.48925112619,-0.640729755484
392,0,male,3,28.0,2,0,7.925,S,-0.486649934661,-0.101339932418
393,1,female,1,23.0,1,0,113.275,C,1.63436808128,-0.486618377465
394,1,female,3,24.0,0,2,16.7,S,-0.309982321088,-0.409562688456
395,0,male,3,22.0,0,0,7.7958,S,-0.48925112619,-0.563674066475
396,0,female,3,31.0,0,0,7.8542,S,-0.488075355406,0.129827134611
397,0,male,2,46.0,0,0,26.0,S,-0.122744850293,1.28566246975
398,0,male,2,23.0,0,0,10.5,S,-0.434807301618,-0.486618377465
399,1,female,2,28.0,0,0,12.65,S,-0.39152121966,-0.101339932418
400,1,male,3,39.0,0,0,7.925,S,-0.486649934661,0.746272646687
401,0,male,3,26.0,0,0,8.05,S,-0.484133301989,-0.255451310437
402,0,female,3,21.0,1,0,9.825,S,-0.448397118047,-0.640729755484
403,0,male,3,28.0,1,0,15.85,S,-0.327095423257,-0.101339932418
404,0,female,3,20.0,0,0,8.6625,S,-0.471801801896,-0.717785444494
405,0,male,2,34.0,1,0,21.0,S,-0.223410157172,0.360994201639
406,0,male,3,51.0,0,0,7.75,S,-0.490173220401,1.6709409148
407,1,male,2,3.0,1,1,18.75,S,-0.268709545268,-2.02773215766
408,0,male,3,21.0,0,0,7.775,S,-0.489669893867,-0.640729755484
409,0,female,3,28.0,3,1,25.4667,S,-0.133481811925,-0.101339932418
410,0,male,3,28.0,0,0,7.8958,S,-0.487237820053,-0.101339932418
411,0,male,3,28.0,0,0,6.8583,Q,-0.50812587123,-0.101339932418
412,1,female,1,33.0,1,0,90.0,Q,1.16577107776,0.28393851263
413,0,male,2,28.0,0,0,0.0,S,-0.646204446064,-0.101339932418
414,1,male,3,44.0,0,0,7.925,S,-0.486649934661,1.13155109173
415,0,female,3,28.0,0,0,8.05,S,-0.484133301989,-0.101339932418
416,1,female,2,34.0,1,1,32.5,S,0.00812004864953,0.360994201639
417,1,female,2,18.0,0,2,13.0,S,-0.384474648179,-0.871896822513
418,0,male,2,30.0,0,0,13.0,S,-0.384474648179,0.0527714456014
419,0,female,3,10.0,0,2,24.15,S,-0.159991013838,-1.48834233459
420,0,male,3,28.0,0,0,7.8958,C,-0.487237820053,-0.101339932418
421,0,male,3,21.0,0,0,7.7333,Q,-0.490509442526,-0.640729755484
422,0,male,3,29.0,0,0,7.875,S,-0.487656587729,-0.0242842434081
423,0,female,3,28.0,1,1,14.4,S,-0.356288362252,-0.101339932418
424,0,male,3,18.0,1,1,20.2125,S,-0.239264943006,-0.871896822513
425,0,male,3,28.0,0,0,7.25,S,-0.500239751089,-0.101339932418
426,1,female,2,28.0,1,0,26.0,S,-0.122744850293,-0.101339932418
427,1,female,2,19.0,0,0,26.0,S,-0.122744850293,-0.794841133503
428,0,male,3,28.0,0,0,7.75,Q,-0.490173220401,-0.101339932418
429,1,male,3,32.0,0,0,8.05,S,-0.484133301989,0.20688282362
430,1,male,1,28.0,0,0,26.55,S,-0.111671666536,-0.101339932418
431,1,female,3,28.0,1,0,16.1,S,-0.322062157914,-0.101339932418
432,1,female,2,42.0,1,0,26.0,S,-0.122744850293,0.977439713716
433,0,male,3,17.0,0,0,7.125,S,-0.502756383761,-0.948952511522
434,0,male,1,50.0,1,0,55.9,S,0.479233684843,1.59388522579
435,1,female,1,14.0,1,2,120.0,S,1.76976291903,-1.18011957855
436,0,female,3,21.0,2,2,34.375,S,0.0458695387292,-0.640729755484
437,1,female,2,24.0,2,3,18.75,S,-0.268709545268,-0.409562688456
438,0,male,1,64.0,1,4,263.0,S,4.64879069577,2.67266487192
439,0,male,2,31.0,0,0,10.5,S,-0.434807301618,0.129827134611
440,1,female,2,45.0,1,1,26.25,S,-0.117711584949,1.20860678074
441,0,male,3,20.0,0,0,9.5,S,-0.454940362994,-0.717785444494
442,0,male,3,25.0,1,0,7.775,S,-0.489669893867,-0.332506999446
443,1,female,2,28.0,0,0,13.0,S,-0.384474648179,-0.101339932418
444,1,male,3,28.0,0,0,8.1125,S,-0.482874985653,-0.101339932418
445,1,male,1,4.0,0,2,81.8583,S,1.00185373195,-1.95067646865
446,1,female,2,13.0,0,1,19.5,S,-0.253609749236,-1.25717526756
447,1,male,1,34.0,0,0,26.55,S,-0.111671666536,0.360994201639
448,1,female,3,5.0,2,1,19.2583,C,-0.25847591017,-1.87362077964
449,1,male,1,52.0,0,0,30.5,S,-0.0321460741021,1.74799660381
450,0,male,2,36.0,1,2,27.75,S,-0.0875119928855,0.515105579659
451,0,male,3,28.0,1,0,19.9667,S,-0.244213649492,-0.101339932418
452,0,male,1,30.0,0,0,27.75,C,-0.0875119928855,0.0527714456014
453,1,male,1,49.0,1,0,89.1042,C,1.14773588138,1.51682953678
454,0,male,3,28.0,0,0,8.05,S,-0.484133301989,-0.101339932418
455,1,male,3,29.0,0,0,7.8958,C,-0.487237820053,-0.0242842434081
456,0,male,1,65.0,0,0,26.55,S,-0.111671666536,2.74972056093
457,1,female,1,28.0,1,0,51.8625,S,0.397946449538,-0.101339932418
458,1,female,2,50.0,0,0,10.5,S,-0.434807301618,1.59388522579
459,0,male,3,28.0,0,0,7.75,Q,-0.490173220401,-0.101339932418
460,1,male,1,48.0,0,0,26.55,S,-0.111671666536,1.43977384777
461,0,male,3,34.0,0,0,8.05,S,-0.484133301989,0.360994201639
462,0,male,1,47.0,0,0,38.5,S,0.128918416904,1.36271815876
463,0,male,2,48.0,0,0,13.0,S,-0.384474648179,1.43977384777
464,0,male,3,28.0,0,0,8.05,S,-0.484133301989,-0.101339932418
465,0,male,3,38.0,0,0,7.05,S,-0.504266363365,0.669216957678
466,0,male,2,28.0,0,0,0.0,S,-0.646204446064,-0.101339932418
467,0,male,1,56.0,0,0,26.55,S,-0.111671666536,2.05621935985
468,0,male,3,28.0,0,0,7.725,Q,-0.490676546936,-0.101339932418
469,1,female,3,0.75,2,1,19.2583,C,-0.25847591017,-2.20110745793
470,0,male,3,28.0,0,0,7.25,S,-0.500239751089,-0.101339932418
471,0,male,3,38.0,0,0,8.6625,S,-0.471801801896,0.669216957678
472,1,female,2,33.0,1,2,27.75,S,-0.0875119928855,0.28393851263
473,1,female,2,23.0,0,0,13.7917,C,-0.368535303487,-0.486618377465
474,0,female,3,22.0,0,0,9.8375,S,-0.448145454779,-0.563674066475
475,0,male,1,28.0,0,0,52.0,S,0.400714745478,-0.101339932418
476,0,male,2,34.0,1,0,21.0,S,-0.223410157172,0.360994201639
477,0,male,3,29.0,1,0,7.0458,S,-0.504350922222,-0.0242842434081
478,0,male,3,22.0,0,0,7.5208,S,-0.494787718069,-0.563674066475
479,1,female,3,2.0,0,1,12.2875,S,-0.398819454409,-2.10478784667
480,0,male,3,9.0,5,2,46.9,S,0.298036132461,-1.5653980236
481,0,male,2,28.0,0,0,0.0,S,-0.646204446064,-0.101339932418
482,0,male,3,50.0,0,0,8.05,S,-0.484133301989,1.59388522579
483,1,female,3,63.0,0,0,9.5875,S,-0.453178720123,2.59560918292
484,1,male,1,25.0,1,0,91.0792,C,1.18749867759,-0.332506999446
485,0,female,3,28.0,3,1,25.4667,S,-0.133481811925,-0.101339932418
486,1,female,1,35.0,1,0,90.0,S,1.16577107776,0.438049890649
487,0,male,1,58.0,0,0,29.7,C,-0.0482525232027,2.21033073787
488,0,male,3,30.0,0,0,8.05,S,-0.484133301989,0.0527714456014
489,1,male,3,9.0,1,1,15.9,S,-0.326088770189,-1.5653980236
490,0,male,3,28.0,1,0,19.9667,S,-0.244213649492,-0.101339932418
491,0,male,3,21.0,0,0,7.25,S,-0.500239751089,-0.640729755484
492,0,male,1,55.0,0,0,30.5,S,-0.0321460741021,1.97916367084
493,0,male,1,71.0,0,0,49.5042,C,0.350466650896,3.21205469499
494,0,male,3,21.0,0,0,8.05,S,-0.484133301989,-0.640729755484
495,0,male,3,28.0,0,0,14.4583,C,-0.355114604774,-0.101339932418
496,1,female,1,54.0,1,0,78.2667,C,0.929543828717,1.90210798183
497,0,male,3,28.0,0,0,15.1,S,-0.342195219289,-0.101339932418
498,0,female,1,25.0,1,2,151.55,S,2.40496100544,-0.332506999446
499,0,male,3,24.0,0,0,7.7958,S,-0.48925112619,-0.409562688456
500,0,male,3,17.0,0,0,8.6625,S,-0.471801801896,-0.948952511522
501,0,female,3,21.0,0,0,7.75,Q,-0.490173220401,-0.640729755484
502,0,female,3,28.0,0,0,7.6292,Q,-0.492605294216,-0.101339932418
503,0,female,3,37.0,0,0,9.5875,S,-0.453178720123,0.592161268668
504,1,female,1,16.0,0,0,86.5,S,1.09530536294,-1.02600820053
505,0,male,1,18.0,1,0,108.9,C,1.54628593776,-0.871896822513
506,1,female,2,33.0,0,2,26.0,S,-0.122744850293,0.28393851263
507,1,male,1,28.0,0,0,26.55,S,-0.111671666536,-0.101339932418
508,0,male,3,28.0,0,0,22.525,S,-0.192707238574,-0.101339932418
509,1,male,3,26.0,0,0,56.4958,S,0.491228962811,-0.255451310437
510,1,male,3,29.0,0,0,7.75,Q,-0.490173220401,-0.0242842434081
511,0,male,3,28.0,0,0,8.05,S,-0.484133301989,-0.101339932418
512,1,male,1,36.0,0,0,26.2875,S,-0.116956595148,0.515105579659
513,1,female,1,54.0,1,0,59.4,C,0.549699399658,1.90210798183
514,0,male,3,24.0,0,0,7.4958,S,-0.495291044603,-0.409562688456
515,0,male,1,47.0,0,0,34.0208,S,0.0387384083898,1.36271815876
516,1,female,2,34.0,0,0,10.5,S,-0.434807301618,0.360994201639
517,0,male,3,28.0,0,0,24.15,Q,-0.159991013838,-0.101339932418
518,1,female,2,36.0,1,0,26.0,S,-0.122744850293,0.515105579659
519,0,male,3,32.0,0,0,7.8958,S,-0.487237820053,0.20688282362
520,1,female,1,30.0,0,0,93.5,S,1.23623679257,0.0527714456014
521,0,male,3,22.0,0,0,7.8958,S,-0.487237820053,-0.563674066475
522,0,male,3,28.0,0,0,7.225,C,-0.500743077624,-0.101339932418
523,1,female,1,44.0,0,1,57.9792,C,0.521094346056,1.13155109173
524,0,male,3,28.0,0,0,7.2292,C,-0.500658518766,-0.101339932418
525,0,male,3,40.5,0,0,7.75,Q,-0.490173220401,0.861856180201
526,1,female,2,50.0,0,0,10.5,S,-0.434807301618,1.59388522579
527,0,male,1,28.0,0,0,221.7792,S,3.81888979941,-0.101339932418
528,0,male,3,39.0,0,0,7.925,S,-0.486649934661,0.746272646687
529,0,male,2,23.0,2,1,11.5,S,-0.414674240242,-0.486618377465
530,1,female,2,2.0,1,1,26.0,S,-0.122744850293,-2.10478784667
531,0,male,3,28.0,0,0,7.2292,C,-0.500658518766,-0.101339932418
532,0,male,3,17.0,1,1,7.2292,C,-0.500658518766,-0.948952511522
533,1,female,3,28.0,0,2,22.3583,C,-0.196063419905,-0.101339932418
534,0,female,3,30.0,0,0,8.6625,S,-0.471801801896,0.0527714456014
535,1,female,2,7.0,0,2,26.25,S,-0.117711584949,-1.71950940162
536,0,male,1,45.0,0,0,26.55,S,-0.111671666536,1.20860678074
537,1,female,1,30.0,0,0,106.425,C,1.49645661086,0.0527714456014
538,0,male,3,28.0,0,0,14.5,S,-0.354275056115,-0.101339932418
539,1,female,1,22.0,0,2,49.5,C,0.350382092038,-0.563674066475
540,1,female,1,36.0,0,2,71.0,S,0.783242911618,0.515105579659
541,0,female,3,9.0,4,2,31.275,S,-0.0165429515358,-1.5653980236
542,0,female,3,11.0,4,2,31.275,S,-0.0165429515358,-1.41128664558
543,1,male,2,32.0,1,0,26.0,S,-0.122744850293,0.20688282362
544,0,male,1,50.0,1,0,106.425,C,1.49645661086,1.59388522579
545,0,male,1,64.0,0,0,26.0,S,-0.122744850293,2.67266487192
546,1,female,2,19.0,1,0,26.0,S,-0.122744850293,-0.794841133503
547,1,male,2,28.0,0,0,13.8625,C,-0.367109882742,-0.101339932418
548,0,male,3,33.0,1,1,20.525,S,-0.232973361326,0.28393851263
549,1,male,2,8.0,1,1,36.75,S,0.0936855594967,-1.64245371261
550,1,male,1,17.0,0,2,110.8833,C,1.58621583839,-0.948952511522
551,0,male,2,27.0,0,0,26.0,S,-0.122744850293,-0.178395621427
552,0,male,3,28.0,0,0,7.8292,Q,-0.48857868194,-0.101339932418
553,1,male,3,22.0,0,0,7.225,C,-0.500743077624,-0.563674066475
554,1,female,3,22.0,0,0,7.775,S,-0.489669893867,-0.563674066475
555,0,male,1,62.0,0,0,26.55,S,-0.111671666536,2.51855349391
556,1,female,1,48.0,1,0,39.6,C,0.151064784418,1.43977384777
557,0,male,1,28.0,0,0,227.525,C,3.93457034346,-0.101339932418
558,1,female,1,39.0,1,1,79.65,S,0.957393892518,0.746272646687
559,1,female,3,36.0,1,0,17.4,S,-0.295889178125,0.515105579659
560,0,male,3,28.0,0,0,7.75,Q,-0.490173220401,-0.101339932418
561,0,male,3,40.0,0,0,7.8958,S,-0.487237820053,0.823328335697
562,0,male,2,28.0,0,0,13.5,S,-0.374408117491,-0.101339932418
563,0,male,3,28.0,0,0,8.05,S,-0.484133301989,-0.101339932418
564,0,female,3,28.0,0,0,8.05,S,-0.484133301989,-0.101339932418
565,0,male,3,24.0,2,0,24.15,S,-0.159991013838,-0.409562688456
566,0,male,3,19.0,0,0,7.8958,S,-0.487237820053,-0.794841133503
567,0,female,3,29.0,0,4,21.075,S,-0.221900177569,-0.0242842434081
568,0,male,3,28.0,0,0,7.2292,C,-0.500658518766,-0.101339932418
569,1,male,3,32.0,0,0,7.8542,S,-0.488075355406,0.20688282362
570,1,male,2,62.0,0,0,10.5,S,-0.434807301618,2.51855349391
571,1,female,1,53.0,2,0,51.4792,S,0.390229447113,1.82505229282
572,1,male,1,36.0,0,0,26.3875,S,-0.11494328901,0.515105579659
573,1,female,3,28.0,0,0,7.75,Q,-0.490173220401,-0.101339932418
574,0,male,3,16.0,0,0,8.05,S,-0.484133301989,-1.02600820053
575,0,male,3,19.0,0,0,14.5,S,-0.354275056115,-0.794841133503
576,1,female,2,34.0,0,0,13.0,S,-0.384474648179,0.360994201639
577,1,female,1,39.0,1,0,55.9,S,0.479233684843,0.746272646687
578,0,female,3,28.0,1,0,14.4583,C,-0.355114604774,-0.101339932418
579,1,male,3,32.0,0,0,7.925,S,-0.486649934661,0.20688282362
580,1,female,2,25.0,1,1,30.0,S,-0.04221260479,-0.332506999446
581,1,female,1,39.0,1,1,110.8833,C,1.58621583839,0.746272646687
582,0,male,2,54.0,0,0,26.0,S,-0.122744850293,1.90210798183
583,0,male,1,36.0,0,0,40.125,C,0.16163464164,0.515105579659
584,0,male,3,28.0,0,0,8.7125,C,-0.470795148827,-0.101339932418
585,1,female,1,18.0,0,2,79.65,S,0.957393892518,-0.871896822513
586,0,male,2,47.0,0,0,15.0,S,-0.344208525427,1.36271815876
587,1,male,1,60.0,1,1,79.2,C,0.948334014899,2.36444211589
588,0,male,3,22.0,0,0,8.05,S,-0.484133301989,-0.563674066475
589,0,male,3,28.0,0,0,8.05,S,-0.484133301989,-0.101339932418
590,0,male,3,35.0,0,0,7.125,S,-0.502756383761,0.438049890649
591,1,female,1,52.0,1,0,78.2667,C,0.929543828717,1.74799660381
592,0,male,3,47.0,0,0,7.25,S,-0.500239751089,1.36271815876
593,0,female,3,28.0,0,2,7.75,Q,-0.490173220401,-0.101339932418
594,0,male,2,37.0,1,0,26.0,S,-0.122744850293,0.592161268668
595,0,male,3,36.0,1,1,24.15,S,-0.159991013838,0.515105579659
596,1,female,2,28.0,0,0,33.0,S,0.0181865793374,-0.101339932418
597,0,male,3,49.0,0,0,0.0,S,-0.646204446064,1.51682953678
598,0,male,3,28.0,0,0,7.225,C,-0.500743077624,-0.101339932418
599,1,male,1,49.0,1,0,56.9292,C,0.499954631611,1.51682953678
600,1,female,2,24.0,2,1,27.0,S,-0.102611788917,-0.409562688456
601,0,male,3,28.0,0,0,7.8958,S,-0.487237820053,-0.101339932418
602,0,male,1,28.0,0,0,42.4,S,0.20743735627,-0.101339932418
603,0,male,3,44.0,0,0,8.05,S,-0.484133301989,1.13155109173
604,1,male,1,35.0,0,0,26.55,C,-0.111671666536,0.438049890649
605,0,male,3,36.0,1,0,15.55,S,-0.33313534167,0.515105579659
606,0,male,3,30.0,0,0,7.8958,S,-0.487237820053,0.0527714456014
607,1,male,1,27.0,0,0,30.5,S,-0.0321460741021,-0.178395621427
608,1,female,2,22.0,1,2,41.5792,C,0.190912139493,-0.563674066475
609,1,female,1,40.0,0,0,153.4625,S,2.44346548532,0.823328335697
610,0,female,3,39.0,1,5,31.275,S,-0.0165429515358,0.746272646687
611,0,male,3,28.0,0,0,7.05,S,-0.504266363365,-0.101339932418
612,1,female,3,28.0,1,0,15.5,Q,-0.334141994739,-0.101339932418
613,0,male,3,28.0,0,0,7.75,Q,-0.490173220401,-0.101339932418
614,0,male,3,35.0,0,0,8.05,S,-0.484133301989,0.438049890649
615,1,female,2,24.0,1,2,65.0,S,0.662444543363,-0.409562688456
616,0,male,3,34.0,1,1,14.4,S,-0.356288362252,0.360994201639
617,0,female,3,26.0,1,0,16.1,S,-0.322062157914,-0.255451310437
618,1,female,2,4.0,2,1,39.0,S,0.138984947592,-1.95067646865
619,0,male,2,26.0,0,0,10.5,S,-0.434807301618,-0.255451310437
620,0,male,3,27.0,1,0,14.4542,C,-0.355197150326,-0.178395621427
621,1,male,1,42.0,1,0,52.5542,S,0.411872488092,0.977439713716
622,1,male,3,20.0,1,1,15.7417,C,-0.329275833804,-0.717785444494
623,0,male,3,21.0,0,0,7.8542,S,-0.488075355406,-0.640729755484
624,0,male,3,21.0,0,0,16.1,S,-0.322062157914,-0.640729755484
625,0,male,1,61.0,0,0,32.3208,S,0.00451220405099,2.4414978049
626,0,male,2,57.0,0,0,12.35,Q,-0.397561138073,2.13327504886
627,1,female,1,21.0,0,0,77.9583,S,0.923334792589,-0.640729755484
628,0,male,3,26.0,0,0,7.8958,S,-0.487237820053,-0.255451310437
629,0,male,3,28.0,0,0,7.7333,Q,-0.490509442526,-0.101339932418
630,1,male,1,80.0,0,0,30.0,S,-0.04221260479,3.90555589608
631,0,male,3,51.0,0,0,7.0542,S,-0.504181804507,1.6709409148
632,1,male,1,32.0,0,0,30.5,C,-0.0321460741021,0.20688282362
633,0,male,1,28.0,0,0,0.0,S,-0.646204446064,-0.101339932418
634,0,female,3,9.0,3,2,27.9,S,-0.0844920336791,-1.5653980236
635,1,female,2,28.0,0,0,13.0,S,-0.384474648179,-0.101339932418
636,0,male,3,32.0,0,0,7.925,S,-0.486649934661,0.20688282362
637,0,male,2,31.0,1,1,26.25,S,-0.117711584949,0.129827134611
638,0,female,3,41.0,0,5,39.6875,S,0.152826427288,0.900384024706
639,0,male,3,28.0,1,0,16.1,S,-0.322062157914,-0.101339932418
640,0,male,3,20.0,0,0,7.8542,S,-0.488075355406,-0.717785444494
641,1,female,1,24.0,0,0,69.3,C,0.749016707279,-0.409562688456
642,0,female,3,2.0,3,2,27.9,S,-0.0844920336791,-2.10478784667
643,1,male,3,28.0,0,0,56.4958,S,0.491228962811,-0.101339932418
644,1,female,3,0.75,2,1,19.2583,C,-0.25847591017,-2.20110745793
645,1,male,1,48.0,1,0,76.7292,C,0.898589246852,1.43977384777
646,0,male,3,19.0,0,0,7.8958,S,-0.487237820053,-0.794841133503
647,1,male,1,56.0,0,0,35.5,C,0.0685192327769,2.05621935985
648,0,male,3,28.0,0,0,7.55,S,-0.494199832677,-0.101339932418
649,1,female,3,23.0,0,0,7.55,S,-0.494199832677,-0.486618377465
650,0,male,3,28.0,0,0,7.8958,S,-0.487237820053,-0.101339932418
651,1,female,2,18.0,0,1,23.0,S,-0.183144034421,-0.871896822513
652,0,male,3,21.0,0,0,8.4333,S,-0.476416299563,-0.640729755484
653,1,female,3,28.0,0,0,7.8292,Q,-0.48857868194,-0.101339932418
654,0,female,3,18.0,0,0,6.75,Q,-0.510306281777,-0.871896822513
655,0,male,2,24.0,2,0,73.5,S,0.833575565057,-0.409562688456
656,0,male,3,28.0,0,0,7.8958,S,-0.487237820053,-0.101339932418
657,0,female,3,32.0,1,1,15.5,Q,-0.334141994739,0.20688282362
658,0,male,2,23.0,0,0,13.0,S,-0.384474648179,-0.486618377465
659,0,male,1,58.0,0,2,113.275,C,1.63436808128,2.21033073787
660,1,male,1,50.0,2,0,133.65,S,2.04457920681,1.59388522579
661,0,male,3,40.0,0,0,7.225,C,-0.500743077624,0.823328335697
662,0,male,1,47.0,0,0,25.5875,S,-0.131049738111,1.36271815876
663,0,male,3,36.0,0,0,7.4958,S,-0.495291044603,0.515105579659
664,1,male,3,20.0,1,0,7.925,S,-0.486649934661,-0.717785444494
665,0,male,2,32.0,2,0,73.5,S,0.833575565057,0.20688282362
666,0,male,2,25.0,0,0,13.0,S,-0.384474648179,-0.332506999446
667,0,male,3,28.0,0,0,7.775,S,-0.489669893867,-0.101339932418
668,0,male,3,43.0,0,0,8.05,S,-0.484133301989,1.05449540273
669,1,female,1,28.0,1,0,52.0,S,0.400714745478,-0.101339932418
670,1,female,2,40.0,1,1,39.0,S,0.138984947592,0.823328335697
671,0,male,1,31.0,1,0,52.0,S,0.400714745478,0.129827134611
672,0,male,2,70.0,0,0,10.5,S,-0.434807301618,3.13499900598
673,1,male,2,31.0,0,0,13.0,S,-0.384474648179,0.129827134611
674,0,male,2,28.0,0,0,0.0,S,-0.646204446064,-0.101339932418
675,0,male,3,18.0,0,0,7.775,S,-0.489669893867,-0.871896822513
676,0,male,3,24.5,0,0,8.05,S,-0.484133301989,-0.371034843951
677,1,female,3,18.0,0,0,9.8417,S,-0.448060895922,-0.871896822513
678,0,female,3,43.0,1,6,46.9,S,0.298036132461,1.05449540273
679,1,male,1,36.0,0,1,512.3292,C,9.66855078215,0.515105579659
680,0,female,3,28.0,0,0,8.1375,Q,-0.482371659118,-0.101339932418
681,1,male,1,27.0,0,0,76.7292,C,0.898589246852,-0.178395621427
682,0,male,3,20.0,0,0,9.225,S,-0.460476954872,-0.717785444494
683,0,male,3,14.0,5,2,46.9,S,0.298036132461,-1.18011957855
684,0,male,2,60.0,1,1,39.0,S,0.138984947592,2.36444211589
685,0,male,2,25.0,1,2,41.5792,C,0.190912139493,-0.332506999446
686,0,male,3,14.0,4,1,39.6875,S,0.152826427288,-1.18011957855
687,0,male,3,19.0,0,0,10.1708,S,-0.441435105423,-0.794841133503
688,0,male,3,18.0,0,0,7.7958,S,-0.48925112619,-0.871896822513
689,1,female,1,15.0,0,1,211.3375,S,3.60866641244,-1.10306388954
690,1,male,1,31.0,1,0,57.0,S,0.501380052357,0.129827134611
691,1,female,3,4.0,0,1,13.4167,C,-0.376085201503,-1.95067646865
692,1,male,3,28.0,0,0,56.4958,S,0.491228962811,-0.101339932418
693,0,male,3,25.0,0,0,7.225,C,-0.500743077624,-0.332506999446
694,0,male,1,60.0,0,0,26.55,S,-0.111671666536,2.36444211589
695,0,male,2,52.0,0,0,13.5,S,-0.374408117491,1.74799660381
696,0,male,3,44.0,0,0,8.05,S,-0.484133301989,1.13155109173
697,1,female,3,28.0,0,0,7.7333,Q,-0.490509442526,-0.101339932418
698,0,male,1,49.0,1,1,110.8833,C,1.58621583839,1.51682953678
699,0,male,3,42.0,0,0,7.65,S,-0.492186526539,0.977439713716
700,1,female,1,18.0,1,0,227.525,C,3.93457034346,-0.871896822513
701,1,male,1,35.0,0,0,26.2875,S,-0.116956595148,0.438049890649
702,0,female,3,18.0,0,1,14.4542,C,-0.355197150326,-0.871896822513
703,0,male,3,25.0,0,0,7.7417,Q,-0.490340324811,-0.332506999446
704,0,male,3,26.0,1,0,7.8542,S,-0.488075355406,-0.255451310437
705,0,male,2,39.0,0,0,26.0,S,-0.122744850293,0.746272646687
706,1,female,2,45.0,0,0,13.5,S,-0.374408117491,1.20860678074
707,1,male,1,42.0,0,0,26.2875,S,-0.116956595148,0.977439713716
708,1,female,1,22.0,0,0,151.55,S,2.40496100544,-0.563674066475
709,1,male,3,28.0,1,1,15.2458,C,-0.339259818941,-0.101339932418
710,1,female,1,24.0,0,0,49.5042,C,0.350466650896,-0.409562688456
711,0,male,1,28.0,0,0,26.55,S,-0.111671666536,-0.101339932418
712,1,male,1,48.0,1,0,52.0,S,0.400714745478,1.43977384777
713,0,male,3,29.0,0,0,9.4833,S,-0.455276585119,-0.0242842434081
714,0,male,2,52.0,0,0,13.0,S,-0.384474648179,1.74799660381
715,0,male,3,19.0,0,0,7.65,S,-0.492186526539,-0.794841133503
716,1,female,1,38.0,0,0,227.525,C,3.93457034346,0.669216957678
717,1,female,2,27.0,0,0,10.5,S,-0.434807301618,-0.178395621427
718,0,male,3,28.0,0,0,15.5,Q,-0.334141994739,-0.101339932418
719,0,male,3,33.0,0,0,7.775,S,-0.489669893867,0.28393851263
720,1,female,2,6.0,0,1,33.0,S,0.0181865793374,-1.79656509063
721,0,male,3,17.0,1,0,7.0542,S,-0.504181804507,-0.948952511522
722,0,male,2,34.0,0,0,13.0,S,-0.384474648179,0.360994201639
723,0,male,2,50.0,0,0,13.0,S,-0.384474648179,1.59388522579
724,1,male,1,27.0,1,0,53.1,S,0.422861112991,-0.178395621427
725,0,male,3,20.0,0,0,8.6625,S,-0.471801801896,-0.717785444494
726,1,female,2,30.0,3,0,21.0,S,-0.223410157172,0.0527714456014
727,1,female,3,28.0,0,0,7.7375,Q,-0.490424883669,-0.101339932418
728,0,male,2,25.0,1,0,26.0,S,-0.122744850293,-0.332506999446
729,0,female,3,25.0,1,0,7.925,S,-0.486649934661,-0.332506999446
730,1,female,1,29.0,0,0,211.3375,S,3.60866641244,-0.0242842434081
731,0,male,3,11.0,0,0,18.7875,C,-0.267954555466,-1.41128664558
732,0,male,2,28.0,0,0,0.0,S,-0.646204446064,-0.101339932418
733,0,male,2,23.0,0,0,13.0,S,-0.384474648179,-0.486618377465
734,0,male,2,23.0,0,0,13.0,S,-0.384474648179,-0.486618377465
735,0,male,3,28.5,0,0,16.1,S,-0.322062157914,-0.0628120879129
736,0,female,3,48.0,1,3,34.375,S,0.0458695387292,1.43977384777
737,1,male,1,35.0,0,0,512.3292,C,9.66855078215,0.438049890649
738,0,male,3,28.0,0,0,7.8958,S,-0.487237820053,-0.101339932418
739,0,male,3,28.0,0,0,7.8958,S,-0.487237820053,-0.101339932418
740,1,male,1,28.0,0,0,30.0,S,-0.04221260479,-0.101339932418
741,0,male,1,36.0,1,0,78.85,S,0.941287443418,0.515105579659
742,1,female,1,21.0,2,2,262.375,C,4.63620753241,-0.640729755484
743,0,male,3,24.0,1,0,16.1,S,-0.322062157914,-0.409562688456
744,1,male,3,31.0,0,0,7.925,S,-0.486649934661,0.129827134611
745,0,male,1,70.0,1,1,71.0,S,0.783242911618,3.13499900598
746,0,male,3,16.0,1,1,20.25,S,-0.238509953204,-1.02600820053
747,1,female,2,30.0,0,0,13.0,S,-0.384474648179,0.0527714456014
748,0,male,1,19.0,1,0,53.1,S,0.422861112991,-0.794841133503
749,0,male,3,31.0,0,0,7.75,Q,-0.490173220401,0.129827134611
750,1,female,2,4.0,1,1,23.0,S,-0.183144034421,-1.95067646865
751,1,male,3,6.0,0,1,12.475,S,-0.395044505401,-1.79656509063
752,0,male,3,33.0,0,0,9.5,S,-0.454940362994,0.28393851263
753,0,male,3,23.0,0,0,7.8958,S,-0.487237820053,-0.486618377465
754,1,female,2,48.0,1,2,65.0,S,0.662444543363,1.43977384777
755,1,male,2,0.67,1,1,14.5,S,-0.354275056115,-2.20727191305
756,0,male,3,28.0,0,0,7.7958,S,-0.48925112619,-0.101339932418
757,0,male,2,18.0,0,0,11.5,S,-0.414674240242,-0.871896822513
758,0,male,3,34.0,0,0,8.05,S,-0.484133301989,0.360994201639
759,1,female,1,33.0,0,0,86.5,S,1.09530536294,0.28393851263
760,0,male,3,28.0,0,0,14.5,S,-0.354275056115,-0.101339932418
761,0,male,3,41.0,0,0,7.125,S,-0.502756383761,0.900384024706
762,1,male,3,20.0,0,0,7.2292,C,-0.500658518766,-0.717785444494
763,1,female,1,36.0,1,2,120.0,S,1.76976291903,0.515105579659
764,0,male,3,16.0,0,0,7.775,S,-0.489669893867,-1.02600820053
765,1,female,1,51.0,1,0,77.9583,S,0.923334792589,1.6709409148
766,0,male,1,28.0,0,0,39.6,C,0.151064784418,-0.101339932418
767,0,female,3,30.5,0,0,7.75,Q,-0.490173220401,0.0912992901062
768,0,male,3,28.0,1,0,24.15,Q,-0.159991013838,-0.101339932418
769,0,male,3,32.0,0,0,8.3625,S,-0.477841720309,0.20688282362
770,0,male,3,24.0,0,0,9.5,S,-0.454940362994,-0.409562688456
771,0,male,3,48.0,0,0,7.8542,S,-0.488075355406,1.43977384777
772,0,female,2,57.0,0,0,10.5,S,-0.434807301618,2.13327504886
773,0,male,3,28.0,0,0,7.225,C,-0.500743077624,-0.101339932418
774,1,female,2,54.0,1,3,23.0,S,-0.183144034421,1.90210798183
775,0,male,3,18.0,0,0,7.75,S,-0.490173220401,-0.871896822513
776,0,male,3,28.0,0,0,7.75,Q,-0.490173220401,-0.101339932418
777,1,female,3,5.0,0,0,12.475,S,-0.395044505401,-1.87362077964
778,0,male,3,28.0,0,0,7.7375,Q,-0.490424883669,-0.101339932418
779,1,female,1,43.0,0,1,211.3375,S,3.60866641244,1.05449540273
780,1,female,3,13.0,0,0,7.2292,C,-0.500658518766,-1.25717526756
781,1,female,1,17.0,1,0,57.0,S,0.501380052357,-0.948952511522
782,0,male,1,29.0,0,0,30.0,S,-0.04221260479,-0.0242842434081
783,0,male,3,28.0,1,2,23.45,S,-0.174084156801,-0.101339932418
784,0,male,3,25.0,0,0,7.05,S,-0.504266363365,-0.332506999446
785,0,male,3,25.0,0,0,7.25,S,-0.500239751089,-0.332506999446
786,1,female,3,18.0,0,0,7.4958,S,-0.495291044603,-0.871896822513
787,0,male,3,8.0,4,1,29.125,Q,-0.0598290334938,-1.64245371261
788,1,male,3,1.0,1,2,20.575,S,-0.231966708257,-2.18184353567
789,0,male,1,46.0,0,0,79.2,C,0.948334014899,1.28566246975
790,0,male,3,28.0,0,0,7.75,Q,-0.490173220401,-0.101339932418
791,0,male,2,16.0,0,0,26.0,S,-0.122744850293,-1.02600820053
792,0,female,3,28.0,8,2,69.55,S,0.754049972623,-0.101339932418
793,0,male,1,28.0,0,0,30.6958,C,-0.0282040206847,-0.101339932418
794,0,male,3,25.0,0,0,7.8958,S,-0.487237820053,-0.332506999446
795,0,male,2,39.0,0,0,13.0,S,-0.384474648179,0.746272646687
796,1,female,1,49.0,0,0,25.9292,S,-0.124170271039,1.51682953678
797,1,female,3,31.0,0,0,8.6833,S,-0.471383034219,0.129827134611
798,0,male,3,30.0,0,0,7.2292,C,-0.500658518766,0.0527714456014
799,0,female,3,30.0,1,1,24.15,S,-0.159991013838,0.0527714456014
800,0,male,2,34.0,0,0,13.0,S,-0.384474648179,0.360994201639
801,1,female,2,31.0,1,1,26.25,S,-0.117711584949,0.129827134611
802,1,male,1,11.0,1,2,120.0,S,1.76976291903,-1.41128664558
803,1,male,3,0.42,0,1,8.5167,C,-0.474737202245,-2.2265358353
804,1,male,3,27.0,0,0,6.975,S,-0.505776342968,-0.178395621427
805,0,male,3,31.0,0,0,7.775,S,-0.489669893867,0.129827134611
806,0,male,1,39.0,0,0,0.0,S,-0.646204446064,0.746272646687
807,0,female,3,18.0,0,0,7.775,S,-0.489669893867,-0.871896822513
808,0,male,2,39.0,0,0,13.0,S,-0.384474648179,0.746272646687
809,1,female,1,33.0,1,0,53.1,S,0.422861112991,0.28393851263
810,0,male,3,26.0,0,0,7.8875,S,-0.487404924462,-0.255451310437
811,0,male,3,39.0,0,0,24.15,S,-0.159991013838,0.746272646687
812,0,male,2,35.0,0,0,10.5,S,-0.434807301618,0.438049890649
813,0,female,3,6.0,4,2,31.275,S,-0.0165429515358,-1.79656509063
814,0,male,3,30.5,0,0,8.05,S,-0.484133301989,0.0912992901062
815,0,male,1,28.0,0,0,0.0,S,-0.646204446064,-0.101339932418
816,0,female,3,23.0,0,0,7.925,S,-0.486649934661,-0.486618377465
817,0,male,2,31.0,1,1,37.0042,C,0.0988033836984,0.129827134611
818,0,male,3,43.0,0,0,6.45,S,-0.51634620019,1.05449540273
819,0,male,3,10.0,3,2,27.9,S,-0.0844920336791,-1.48834233459
820,1,female,1,52.0,1,1,93.5,S,1.23623679257,1.74799660381
821,1,male,3,27.0,0,0,8.6625,S,-0.471801801896,-0.178395621427
822,0,male,1,38.0,0,0,0.0,S,-0.646204446064,0.669216957678
823,1,female,3,27.0,0,1,12.475,S,-0.395044505401,-0.178395621427
824,0,male,3,2.0,4,1,39.6875,S,0.152826427288,-2.10478784667
825,0,male,3,28.0,0,0,6.95,Q,-0.506279669502,-0.101339932418
826,0,male,3,28.0,0,0,56.4958,S,0.491228962811,-0.101339932418
827,1,male,2,1.0,0,2,37.0042,C,0.0988033836984,-2.18184353567
828,1,male,3,28.0,0,0,7.75,Q,-0.490173220401,-0.101339932418
830,1,female,3,15.0,1,0,14.4542,C,-0.355197150326,-1.10306388954
831,1,male,2,0.83,1,1,18.75,S,-0.268709545268,-2.19494300281
832,0,male,3,28.0,0,0,7.2292,C,-0.500658518766,-0.101339932418
833,0,male,3,23.0,0,0,7.8542,S,-0.488075355406,-0.486618377465
834,0,male,3,18.0,0,0,8.3,S,-0.479100036645,-0.871896822513
835,1,female,1,39.0,1,1,83.1583,C,1.02802671174,0.746272646687
836,0,male,3,21.0,0,0,8.6625,S,-0.471801801896,-0.640729755484
837,0,male,3,28.0,0,0,8.05,S,-0.484133301989,-0.101339932418
838,1,male,3,32.0,0,0,56.4958,S,0.491228962811,0.20688282362
839,1,male,1,28.0,0,0,29.7,C,-0.0482525232027,-0.101339932418
840,0,male,3,20.0,0,0,7.925,S,-0.486649934661,-0.717785444494
841,0,male,2,16.0,0,0,10.5,S,-0.434807301618,-1.02600820053
842,1,female,1,30.0,0,0,31.0,C,-0.0220795434142,0.0527714456014
843,0,male,3,34.5,0,0,6.4375,C,-0.516597863457,0.399522046144
844,0,male,3,17.0,0,0,8.6625,S,-0.471801801896,-0.948952511522
845,0,male,3,42.0,0,0,7.55,S,-0.494199832677,0.977439713716
846,0,male,3,28.0,8,2,69.55,S,0.754049972623,-0.101339932418
847,0,male,3,35.0,0,0,7.8958,C,-0.487237820053,0.438049890649
848,0,male,2,28.0,0,1,33.0,S,0.0181865793374,-0.101339932418
849,1,female,1,28.0,1,0,89.1042,C,1.14773588138,-0.101339932418
850,0,male,3,4.0,4,2,31.275,S,-0.0165429515358,-1.95067646865
851,0,male,3,74.0,0,0,7.775,S,-0.489669893867,3.44322176202
852,0,female,3,9.0,1,1,15.2458,C,-0.339259818941,-1.5653980236
853,1,female,1,16.0,0,1,39.4,S,0.147038172143,-1.02600820053
854,0,female,2,44.0,1,0,26.0,S,-0.122744850293,1.13155109173
855,1,female,3,18.0,0,1,9.35,S,-0.4579603222,-0.871896822513
856,1,female,1,45.0,1,1,164.8667,S,2.67306694386,1.20860678074
857,1,male,1,51.0,0,0,26.55,S,-0.111671666536,1.6709409148
858,1,female,3,24.0,0,3,19.2583,C,-0.25847591017,-0.409562688456
859,0,male,3,28.0,0,0,7.2292,C,-0.500658518766,-0.101339932418
860,0,male,3,41.0,2,0,14.1083,S,-0.362161176256,0.900384024706
861,0,male,2,21.0,1,0,11.5,S,-0.414674240242,-0.640729755484
862,1,female,1,48.0,0,0,25.9292,S,-0.124170271039,1.43977384777
863,0,female,3,28.0,8,2,69.55,S,0.754049972623,-0.101339932418
864,0,male,2,24.0,0,0,13.0,S,-0.384474648179,-0.409562688456
865,1,female,2,42.0,0,0,13.0,S,-0.384474648179,0.977439713716
866,1,female,2,27.0,1,0,13.8583,C,-0.3671944416,-0.178395621427
867,0,male,1,31.0,0,0,50.4958,S,0.370430594556,0.129827134611
868,0,male,3,28.0,0,0,9.5,S,-0.454940362994,-0.101339932418
869,1,male,3,4.0,1,1,11.1333,S,-0.422057033849,-1.95067646865
870,0,male,3,26.0,0,0,7.8958,S,-0.487237820053,-0.255451310437
871,1,female,1,47.0,1,1,52.5542,S,0.411872488092,1.36271815876
872,0,male,1,33.0,0,0,5.0,S,-0.545539139185,0.28393851263
873,0,male,3,47.0,0,0,9.0,S,-0.465006893682,1.36271815876
874,1,female,2,28.0,1,0,24.0,C,-0.163010973045,-0.101339932418
875,1,female,3,15.0,0,0,7.225,C,-0.500743077624,-1.10306388954
876,0,male,3,20.0,0,0,9.8458,S,-0.44797835037,-0.717785444494
877,0,male,3,19.0,0,0,7.8958,S,-0.487237820053,-0.794841133503
878,0,male,3,28.0,0,0,7.8958,S,-0.487237820053,-0.101339932418
879,1,female,1,56.0,0,1,83.1583,C,1.02802671174,2.05621935985
880,1,female,2,25.0,0,1,26.0,S,-0.122744850293,-0.332506999446
881,0,male,3,33.0,0,0,7.8958,S,-0.487237820053,0.28393851263
882,0,female,3,22.0,0,0,10.5167,S,-0.434471079493,-0.563674066475
883,0,male,2,28.0,0,0,10.5,S,-0.434807301618,-0.101339932418
884,0,male,3,25.0,0,0,7.05,S,-0.504266363365,-0.332506999446
885,0,female,3,39.0,0,5,29.125,Q,-0.0598290334938,0.746272646687
886,0,male,2,27.0,0,0,13.0,S,-0.384474648179,-0.178395621427
887,1,female,1,19.0,0,0,30.0,S,-0.04221260479,-0.794841133503
888,0,female,3,28.0,1,2,23.45,S,-0.174084156801,-0.101339932418
889,1,male,1,26.0,0,0,30.0,C,-0.04221260479,-0.255451310437
890,0,male,3,32.0,0,0,7.75,Q,-0.490173220401,0.20688282362
